{
  "SOTA": {
    "solve_rate": 0.77,
    "structural_dist": 4.57,
    "ensemble_defect": 0.04294511,
    "probability": 0.58050877,
    "umfe_rate": 0.73,
    "probability_gmean": 0.5288077313219407,
    "probability_gmean_count": 79
  },
  "SL": {
    "solve_rate": 0.55,
    "structural_dist": 18.79,
    "ensemble_defect": 0.11393635000000002,
    "probability": 0.3980095900000001,
    "umfe_rate": 0.55,
    "probability_gmean": 0.16394021774201978,
    "probability_gmean_count": 73
  },
  "SL+RL": {
    "solve_rate": 0.69,
    "structural_dist": 5.43,
    "ensemble_defect": 0.05257618,
    "probability": 0.5440053499999999,
    "umfe_rate": 0.65,
    "probability_gmean": 0.3951630499733712,
    "probability_gmean_count": 79
  }
}